height,block_hash,valid_claims,losers,legacy_winner_txid,canonical_winner_txid,winner_changed,credited_pow_pool_sat,legacy_uncredited_loser_fees_sat,canonical_reimbursement_sat,legacy_winner_v30_1_1_credit_sat,legacy_winner_credit_delta_sat,replacement_winner_v30_1_1_credit_sat,replacement_winner_credit_delta_sat,remaining_claimants_credit_delta_sat,value_reassigned_sat,block_total_credit_delta_sat
5950027,"36432089627e307338b793c385fb61cb724926e3f2c2988bf14d12e3f68960eb",3,2,"57341d63b2b355abfabf5532a12e03219cd6353b20a4b85dfe8cd078ca313a1b","d3650cad306c5f483150a14d9f399aac2cfce21a267c354493d418137b745564",1,29000000000,50600,50600,25300,-28999974700,28999949400,28999949400,25300,28999974700,0
5950028,"84b425527a62e1daaadb24d0c5509a36b7cea2688a5c4283d0e3a943fc87b668",2,1,"82c0985cb4d55a401b0f6c1f322636422c62204ccf55b5a4e9f83802169c361c","63973a6a6bdeadf0d2807c7a0cfe6e387bd9625557e9135458059bd5b5cce0ee",1,29000000000,28700,28700,28700,-28999971300,28999971300,28999971300,0,28999971300,0
5950040,"bf9f3dcc587709a81a8c89d64022e630c1ea08710724e215f40a730f298ab856",2,1,"a0ffbe2336f49bf84c9f3de5c72bd178f9d0e06349e759d10435c00b87e9e4d9","484af6c579f3545f10713807f5ab8c57daa0cbf09859bc1a023c3b0512ec92da",1,29000000000,28700,28700,28700,-28999971300,28999971300,28999971300,0,28999971300,0
5950058,"23157a47d234aa450d92b06f69d8169e6ebf5a0d07436f701fcd6a49a39a21ca",2,1,"47c9c409a826766206383fd1580acc5eb5ced7c695333768d95e724353de4dbb","d7995c41288ac74d9b5305454c20aa5f0cc9b0263eade9bc523ad602d07b8bfc",1,58000000000,28700,28700,28700,-57999971300,57999971300,57999971300,0,57999971300,0
5950066,"89eede2bcb86f4e40fb6da24b1e7092d789201205ae583a1a2f1bc698505e6f5",2,1,"a0c55a8b44ffa1d7ef636e08617154b86ca2e2e72f0b8e914cfb6db3dc083756","a0c55a8b44ffa1d7ef636e08617154b86ca2e2e72f0b8e914cfb6db3dc083756",0,29000000000,28700,28700,28999971300,-28700,0,0,28700,28700,0
5950076,"f78c3ccf1342d163b054d87e27171d0e931ab4f9a1f34fe508dbe1f11593ef09",2,1,"ba7cf6b48b388fb6af02d21928ee70b115794db8e2c014197c7a1b207e831a68","c9bdbdd530c7f44dbd8da7f13f74c1e99b10f3e1b57ddba56f9d151d63ed01d0",1,29000000000,28700,25300,25300,-28999974700,28999974700,28999974700,0,28999974700,0
5950088,"16c325a07148f524ee63b4c480b5e53dd9f2699161d79ed9f3017c8e5c036e19",2,1,"78974a44df1f392fc5a3562fae8e4717cce6b1e76f02e2635e7ee15fb26b7998","78974a44df1f392fc5a3562fae8e4717cce6b1e76f02e2635e7ee15fb26b7998",0,87000000000,28700,28700,86999971300,-28700,0,0,28700,28700,0
5950106,"64bfb6c0161ef401c3b8a71b4380a5cece9fb0c89abc85d342659ffaa6e2e9a6",2,1,"8d235d37177ea041995dc56b27ecbdfa4fd111008c5b3fe45f7926343ae06a92","7246839b3d3c0029a6416a13fef999127beb1c53c0f33dd8fe937cb4d43fdfb9",1,29000000000,28700,28700,28700,-28999971300,28999971300,28999971300,0,28999971300,0
5950107,"cc9cf49ca58faedc767859bd751c6c5ae418f9edd5b5b3360c769687294e54a0",2,1,"abc52f3ff4d3141233a9c13a181dd15249f608572694474d6d950279351e9c56","abc52f3ff4d3141233a9c13a181dd15249f608572694474d6d950279351e9c56",0,29000000000,28700,28700,28999971300,-28700,0,0,28700,28700,0
5950108,"bd3baf52bbac1551e04a979ee390bf7945c5fae3cefbec8d62da876f971f9fd9",2,1,"7121a955862e4f6ead9aa07bda9f6d8d22d461beb706a30e86d7688ad86c5655","7121a955862e4f6ead9aa07bda9f6d8d22d461beb706a30e86d7688ad86c5655",0,29000000000,28700,28700,28999971300,-28700,0,0,28700,28700,0
5950109,"65ef71db99e71cfa6892eb5282c36606a7038d40ff0255bd5839a9a5becc8f8a",2,1,"fc4758ab4a6aa49cdbdd59d7a6a7df6d2d23938977a9f9000580b55bff8f726f","fc4758ab4a6aa49cdbdd59d7a6a7df6d2d23938977a9f9000580b55bff8f726f",0,29000000000,28700,28700,28999971300,-28700,0,0,28700,28700,0
5950121,"0f3af9d7fb60e7899dfee821ca29e2d002ace0ed46debf081f1319ea733a0503",3,2,"02e47324f91bc051c8f6960f7882a467566b9899afdfde6ab2e90a5ebe155789","85d84da0b4a97a66ca4b75fb2eb4b8896eb9986520793f78dcc88347db0be1d7",1,29000000000,57400,57400,28700,-28999971300,28999942600,28999942600,28700,28999971300,0
5950122,"06e94e6d715c715a80d55bc637a4c37ea45d110545e45852e2756f2205c23b47",2,1,"3950b928b7b3666f0cc1ade2b0d4063517be45c913de71834010b397a74c2165","a168f4478752384c2d3d43a46b3b2233350f73d455c35d261f003300d5ae34d8",1,29000000000,28700,28700,28700,-28999971300,28999971300,28999971300,0,28999971300,0
5950124,"c71145da8a33c9e2e8386acca9c3f5421c04951d352751ca7618bf73160b6f9a",2,1,"b2ae7c29836cbff11e288850cdcdaf9e6859877666297089babd4b737f9c5d0f","b2ae7c29836cbff11e288850cdcdaf9e6859877666297089babd4b737f9c5d0f",0,29000000000,28700,28700,28999971300,-28700,0,0,28700,28700,0
5950136,"f16d30d86c047dd765952752619f32b66e0df3dfaa5498ea9696b0e8e24a9d0a",2,1,"3ab279e2943660695bf7e41cbcb9075898417a418941afede6677f14bc46f48e","cd832f6ad151255d800069a955afe3bbecff535041ecab29f1e62f55b34557b3",1,29000000000,28700,28700,28700,-28999971300,28999971300,28999971300,0,28999971300,0
5950138,"bae342594dc38e5b8d76b331ad1ed2061ae37b512a119e071e286cef1fe19275",3,2,"15ecd15e867c97939e6d105ba896385e29cd889bcaae94f163e703ec8b84cd1e","15ecd15e867c97939e6d105ba896385e29cd889bcaae94f163e703ec8b84cd1e",0,29000000000,57400,57400,28999942600,-57400,0,0,57400,57400,0
5950145,"be87136e37a0d9f0069c0a54dc697acbbaef1e54d7c5eac5c0646134d192dd47",2,1,"d3cfa87cfab072f550572b3606e3ed871b5ca1e3adb379d2338f6ed2c305d71b","11115b4ef00958e61ff12cff9cbc76f87a94b77ff2f81afbdfa3f0b152f34126",1,87000000000,28700,28700,28700,-86999971300,86999971300,86999971300,0,86999971300,0
5950178,"7b8bee6557f3056567d3690e233e6394933a6a470b0849ad41278e311995234d",2,1,"69188840c8d879df4dccaa08bfb9ebe0e00630bc1704b66f8b7a958648ac304c","69188840c8d879df4dccaa08bfb9ebe0e00630bc1704b66f8b7a958648ac304c",0,29000000000,28700,28700,28999971300,-28700,0,0,28700,28700,0
5950244,"bab7a72097d4594f1f7bb4b35191013b1d6fb9c4fdd71e2cd43ee5c6bd1a49bf",2,1,"051ecab6beb279a2b53a387f5637a2fcd5f539371bd6c8145c5ecc9e53744abf","051ecab6beb279a2b53a387f5637a2fcd5f539371bd6c8145c5ecc9e53744abf",0,29000000000,28700,28700,28999971300,-28700,0,0,28700,28700,0
5950245,"7a60c655e8731e6150855817a3d450787479e3fea676f8d574d7276a57f97f6c",2,1,"6917d91da894bc65d395beec47c8afc27078f948a509e8a68b36cb2f86bf6162","d7e2e93e150d2542c7b1f61994edab529e5be3bcb127f83a5a25bbca1b8b39d0",1,29000000000,28700,28700,28700,-28999971300,28999971300,28999971300,0,28999971300,0
5950264,"4f6070b03f7cdb014a9b215dee52b68de00de2128e9515208a1c353e31ed4f62",2,1,"057997ec9b1376f5fee6ef280ca0ac0eebc204b7b828c67158d39e39d2146229","057997ec9b1376f5fee6ef280ca0ac0eebc204b7b828c67158d39e39d2146229",0,58000000000,28700,28700,57999971300,-28700,0,0,28700,28700,0
5950288,"eb685c3a622fa7979bbfc016da660bed667ddeeb3dec1c0243c3b1259bd3935b",2,1,"2634dac2f49a5aca331383a8d3f144569f98f889eaa542dffe6c30bb0d54e549","2634dac2f49a5aca331383a8d3f144569f98f889eaa542dffe6c30bb0d54e549",0,58000000000,28700,28700,57999971300,-28700,0,0,28700,28700,0
5950291,"33518072f80aa49a77e7cb33f8d8fd47afa2b5bfb2bb59e50c7b9d0811c98c75",2,1,"6344fdda4ee001eb51cfb26a22e8932272e4c410256ff27bedc7a0613be7130d","573ee4fcae884cf1cc0ca415fa3e7946e067d51ab5442ce46de09239ebb5598b",1,87000000000,28700,28700,28700,-86999971300,86999971300,86999971300,0,86999971300,0
5950293,"8d251e6233b289e1b2d2254fe1c1e7f55be7c19ea8def52a07820130b8d9fe98",2,1,"9bf73b998c7074cb95396f865bf243a911e36af8706f39833c2a6212c881a211","9bf73b998c7074cb95396f865bf243a911e36af8706f39833c2a6212c881a211",0,29000000000,28700,28700,28999971300,-28700,0,0,28700,28700,0
5950303,"fa19caf15264a85a936469880d91b09100e49b74fe45154733e9272e7b1cf8b3",2,1,"7f52f3b2240560083ed2b7f07a8ed4b9fb625f9df598ae94c6c22cf07e4c8003","7f52f3b2240560083ed2b7f07a8ed4b9fb625f9df598ae94c6c22cf07e4c8003",0,29000000000,28700,28700,28999971300,-28700,0,0,28700,28700,0
5950305,"e271edcd8d9f8f3d9747ba5b27e33cb4a5bd0bb618460180ebf43c647b1ea987",3,2,"23ebd97104a22815fcbb002c73ae58cd1329073de7828675b8074179fc85a110","bd9379552c8e5dacc7a8a411e5369608bcaead94bfa1a7042dc88108de7d998a",1,58000000000,57400,57400,28700,-57999971300,57999942600,57999942600,28700,57999971300,0
5950312,"6a07ba4c2a5bff29ef9b17642cb6eeda71f83251c1f55cf1753d76d60a3d5bdc",2,1,"458b6db68b2a897740f2b02933b4636236240178e68c5e6df4c858c655b3f1e2","73232eaf6f05a43556f74f9bd7f5475c3844930a16725e919628e2b68b8f6bd5",1,87000000000,28700,28700,28700,-86999971300,86999971300,86999971300,0,86999971300,0
5950324,"e7273adf4da93add9384a7f7c153d74591496780e9cc092f2470c93c18b9e9ec",2,1,"7fad6c2f5b295e0a9857ac7cbc53879c20fe53775a7420f899304aad582f501c","7fad6c2f5b295e0a9857ac7cbc53879c20fe53775a7420f899304aad582f501c",0,29000000000,28700,28700,28999971300,-28700,0,0,28700,28700,0
5950329,"00bb2ff7bccf8e3bd1a171a096654df968693084957cb779142f2f9b05e71ad3",2,1,"9092557fad5a434dc16f875c970b4dabb3f610528bc6f415b738d4048870b960","9092557fad5a434dc16f875c970b4dabb3f610528bc6f415b738d4048870b960",0,29000000000,28700,28700,28999971300,-28700,0,0,28700,28700,0
5950330,"3f13e305440ad3259b2e3009a27ce12c4aaf58c18f6cf7a6ee7a3258dd43f534",2,1,"e45c305a0906e4c08054d7032a9f4d1d0726de3c1999fb32d78f34a4e263dd48","e45c305a0906e4c08054d7032a9f4d1d0726de3c1999fb32d78f34a4e263dd48",0,29000000000,28700,28700,28999971300,-28700,0,0,28700,28700,0
5950345,"5fb6fb16f7cb2f390dcb3f1a10705f72ba041c3c6cf7d01f53aa130dcc6046dd",2,1,"a5e99e489ff0e0ef178f41bbc6d26914f8756e9ad2a833a1c1356a6ccb48eb0c","af25bc182dae33bfa1895fdb311113e3748d84b96400687c953a3b42694d30ed",1,29000000000,28700,28700,28700,-28999971300,28999971300,28999971300,0,28999971300,0
5950346,"e63fd0612e7a3f64f6607e0c8b1c008c7139f3a2e093ab725925171cb6ad3c9f",2,1,"f29e090da9d6c13ce34ec6dfa683877cd90ff122c256b447e7fff075fd58db6a","f29e090da9d6c13ce34ec6dfa683877cd90ff122c256b447e7fff075fd58db6a",0,29000000000,28700,28700,28999971300,-28700,0,0,28700,28700,0
5950349,"97e78f94540543a8143fc7c444df9cc64beef8a291ae17a7b78138631c970e88",2,1,"9b253547a78ffea55e47fd9f2864853c1d1b8ccdf0e4cff3839500f989552601","0be23c7728731ec82a3ebf86bb9b49e7b239e163837e74c95f6a14926f862d7d",1,58000000000,28700,28700,28700,-57999971300,57999971300,57999971300,0,57999971300,0
5950360,"91825699a1534e58eb1eef1bb1d311281ce4930d310225a65486f3f979f9fe38",2,1,"be44f14a109343b27aa7da7dae0641ab9d93388ab074ff970223812a4bb7e17c","be44f14a109343b27aa7da7dae0641ab9d93388ab074ff970223812a4bb7e17c",0,145000000000,28700,28700,144999971300,-28700,0,0,28700,28700,0
5950366,"1a4430ee2c8d94bf2f79e50af043fa5763b5f676fe4f64f657b69e7ac3144a08",2,1,"e4aaccc33c4caec11bdcd85b16f5908766ecc7221f55a471176b23a5dfe34ab2","d415bafa593a7e3d62a13b362bbea1415028fd052e135aa12a821e2d20b251d1",1,58000000000,28700,28700,28700,-57999971300,57999971300,57999971300,0,57999971300,0
5950371,"16e05f2b03006fa87f47872b98fd12f0758073d87129259f2f5fbdf6e68e6c6e",2,1,"1f8fa1efb5185966991bcf0092733cb9e4cfc0ac4df5915945b6526a8628a428","572f6ff233d00281991891251fb34f70250bef52ac6241b84f3bc2321a049b5f",1,145000000000,28700,28700,28700,-144999971300,144999971300,144999971300,0,144999971300,0
5950373,"30c77556838b942c8dd61843a39c56858034f445bb8b6b21dd17ee83063a78a8",2,1,"d768f279c35f2ae2296d66af8e0e8e815afdcd4e106e35df13c70334e849582c","d768f279c35f2ae2296d66af8e0e8e815afdcd4e106e35df13c70334e849582c",0,58000000000,28700,28700,57999971300,-28700,0,0,28700,28700,0
5950389,"3c8acca1786df50d5acbe917813301fd8d12e97da3a10b7c0107da1c5e1d7a09",2,1,"2b14d21d6adecf7fee083dcfedbd7ff498ec8bde940b89a99b1c3fc1fdfb5283","7a16afe7b2a524ebd22d09296bbdc0397538ede84f71cb80d52dffe6d591f1e0",1,29000000000,28700,28700,28700,-28999971300,28999971300,28999971300,0,28999971300,0
5950392,"a06d8718cf124a9ed38b7ceb78e31e822d8b5995f2240c7560b86dcccc258507",2,1,"b00f84114e05487b210be069c93c564367d62bfc246dc8f494b2011840fec245","6b152fc4292a2e904a38882234d9d0bb80ce2af1367801b42bbe8da6075f2fb4",1,29000000000,28700,28700,28700,-28999971300,28999971300,28999971300,0,28999971300,0
5950394,"ead2cfa731e2810a13320867e967b16dee07c61592c7c9a35ee7eb6ab670379d",3,2,"5809fb4a7c58755a9554e9a7beda0c35eba6b2d079ce6efe441bed0d9c3bb3d3","b5b528ac91bbc2d6444746b2af493a47d7b73db306915e5fbab86b6aa60ae6e7",1,58000000000,57400,57400,28700,-57999971300,57999942600,57999942600,28700,57999971300,0
5950404,"5319535277a61a703cc577c5e77915b2c6201246c78e50410ee08caa255243b7",2,1,"364da82b49e043fc6cd74e951eae65e9e7085e47d6f1fa796c0f4d03b4a7dd87","364da82b49e043fc6cd74e951eae65e9e7085e47d6f1fa796c0f4d03b4a7dd87",0,29000000000,28700,28700,28999971300,-28700,0,0,28700,28700,0
5950428,"c81d63c65c258cfa53d15d24a0123337bbcc1ed8ab8118f369c782682cd200ce",2,1,"6e499391933812d2161f567d80f88d3f2bf165959f87d82d17eef1ee21740104","6e499391933812d2161f567d80f88d3f2bf165959f87d82d17eef1ee21740104",0,290000000000,28700,28700,289999971300,-28700,0,0,28700,28700,0
5950435,"6cdb21d5e461d3debdd3fa401a35307c15db434555a7e7172b511d0000ddafca",2,1,"ae4fcbeffaf350ff6b5c74c89a09756e5ee99f484635208ab35c138755324f49","f8392ddb1df0c6fbbcd3c190f0c1ba59dd11cd28ee9d4080d3a8a2c3c30e1f5e",1,87000000000,28700,28700,28700,-86999971300,86999971300,86999971300,0,86999971300,0
5950449,"47aebba2d98456b57a3c1fe208c51ddd8ccad6398b2c8ef370cea214faa11b35",2,1,"f843dcbf854eeead3e9401f7a53c61c8c530b20ce07d749f9e012c32e2e7e607","6f0ea8dc07af5869b3d15b1b09e56ee6d19b6cfc32753e50414d12ace24984c4",1,29000000000,28700,28700,28700,-28999971300,28999971300,28999971300,0,28999971300,0
5950454,"ff0cce173531ab3041c113e9fe17175df6f33b299a36767407bd6152e91104ce",2,1,"86c614f135a0c6d9f574e5d5872cb13d127587b6aad73571e0ed9ef859e92ca0","8ab7d7ed69ae3892a8dc63214f50c18ead0b724627905cda80c982bfa6c2f7f3",1,87000000000,28700,28700,28700,-86999971300,86999971300,86999971300,0,86999971300,0
5950478,"47fd549fbeec96f3cc04473cf765900b929409954e87861579f64e5faf15d560",2,1,"15600531f415b2dd958b2710e887a1aa586cf0c2da0accdd5ae9842d7d4c1767","15600531f415b2dd958b2710e887a1aa586cf0c2da0accdd5ae9842d7d4c1767",0,29000000000,28700,28700,28999971300,-28700,0,0,28700,28700,0
5950503,"1ff83d29b345b7a983a70d48e26e55e9b017c65853546600c0815f28630a9143",2,1,"f8c16e25663d03fe52091456f16f7dbc1fe7e7a5cba125a08c9c65d6af748c01","0ebcd8330179e51831e0c9f75766fd9c84d46fe5d1da3b702ce1eadd1e37cf58",1,87000000000,28700,28700,28700,-86999971300,86999971300,86999971300,0,86999971300,0
5950531,"b532a68b46b358a6c53bbb01f51c4412b2ac3561c6da34c7e46ef794a5998488",2,1,"b00950bdff5bb3e400f59858e7ef74e7f5ff886d5732e734f02d70d8ea5e8e82","b00950bdff5bb3e400f59858e7ef74e7f5ff886d5732e734f02d70d8ea5e8e82",0,87000000000,28700,28700,86999971300,-28700,0,0,28700,28700,0
5950547,"91363517276c746830f46bb3dcf587f61921bbc7f97760f501e254b43ba478c7",2,1,"2c017212d770c1d41047efe33887a62daf19b32246734f832b5b9fcaca452f8e","f5489f2b5e37a4ab241bdb4061e2b02a7c83b0a83c5ace51807d471577d28ffd",1,29000000000,28700,28700,28700,-28999971300,28999971300,28999971300,0,28999971300,0
5950576,"5d47049b923102790efb8e6b01effa04cfda3aac0a456b24128f45e5d6aaf121",2,1,"871a1987e6645a52a5aadf8fc74a169c7943fc3cfc563d3f8ccc0a066f638010","e941eabc5d3c55d12f3ff0d61de21b04df1fb746d7362d2634a9e9abe56ab52d",1,29000000000,28700,28700,28700,-28999971300,28999971300,28999971300,0,28999971300,0
5950582,"70cd7fea4e1ed40a297e685afe7762b94c8793c7f4507fcfa33f80d95433e49c",2,1,"67ea25a5ab795f0902ed49823c38334876e9953baa7c2a806d8f3acd70458eed","92771a1c75b1e67405d27bb850c1a0f57c6c4bf8711873351af75f116db16fef",1,29000000000,28700,28700,28700,-28999971300,28999971300,28999971300,0,28999971300,0
5950589,"2b7be1f1179396cb400a6c5ea64bd59cd0da97ff53fdc84192a2303f7c8696da",3,2,"6b56ab76ea7b37087588a9754af250a6558f7e32cc7febffd1e89e986adf492a","20bb82a259008291a1c10b8d7ebb2e8104437df414b1420b6d8cb195a01a0c7c",1,58000000000,57400,57400,28700,-57999971300,57999942600,57999942600,28700,57999971300,0
5950606,"6c44303bdee40fa61d0068ea3c582ca3e12ed6f6ed6dc66ada2b617e148e0d54",2,1,"316ffa41f8f441d5e3db549fa9444c638ca9f9db33b4fd5a846ef4a42dc06c21","316ffa41f8f441d5e3db549fa9444c638ca9f9db33b4fd5a846ef4a42dc06c21",0,29000000000,28700,28700,28999971300,-28700,0,0,28700,28700,0
5950625,"22642bdc286197968c0f82b39947e2e32142e0f22b64c27c5aa8f8224b7cb24e",2,1,"2d8a924316673b9d6ebfcc827d7e9358069c7e986f2eb33e5217f78f47b45900","725c2bb3ce94468eefe0c4b05d42f7a0f75fb483ff4afe196f5f8f1c411b4081",1,58000000000,28700,28700,28700,-57999971300,57999971300,57999971300,0,57999971300,0
5950631,"d3cc413b18e2cac174134776395e1ed14dfa4c660b3e80463302d28ecfaa4eb8",2,1,"1a7206bc94971b7fbcd9a2634ebfdd5d24fa0bc122bf4ce3c128ecebd7863a7c","1a7206bc94971b7fbcd9a2634ebfdd5d24fa0bc122bf4ce3c128ecebd7863a7c",0,29000000000,28700,28700,28999971300,-28700,0,0,28700,28700,0
5950635,"539a864dba021b6e6b874f49a10a952ec46b48425e25272bbc8f4859bb96f898",2,1,"1766e16e510d5837b025766f5a7407f887fadb78e31f2aaefe3155ba384f6f8e","a772cdb33e20b2128d7b78df477e949a05236965c85533428ffd1a810d0a54bb",1,116000000000,28700,28700,28700,-115999971300,115999971300,115999971300,0,115999971300,0
5950681,"50815afa925ac38dcd9aa91c1d6202d1c9e6c55ca0f98f366e2e5227b0530865",2,1,"c269d8cb1e7715568276e242fbdf2d3f2e095a8af004b72c497c24fd7cadfe0f","c269d8cb1e7715568276e242fbdf2d3f2e095a8af004b72c497c24fd7cadfe0f",0,29000000000,28700,28700,28999971300,-28700,0,0,28700,28700,0
5950689,"2f94d2fb7c57a35d6076a6331a42860a7c1f5a233ce6d1155e7524dd3138565b",2,1,"fa341325d1555ed12da20eef246768d4bd13fd963639a88089e8f90e88b98f53","4a844487c3d875b03e905016a95e0d5560ccf9fccc003f2039975c54f4660c85",1,29000000000,28700,28700,28700,-28999971300,28999971300,28999971300,0,28999971300,0
5950710,"ea2db67e62af199bc237bb73fb7816c5a6ceef0a5491d1848db502ff6aafd10f",2,1,"16f859614f247e76f6696bd7e007affce3017d97b90565388b43f90aa7a71d72","16f859614f247e76f6696bd7e007affce3017d97b90565388b43f90aa7a71d72",0,174000000000,28700,28700,173999971300,-28700,0,0,28700,28700,0
5950711,"953c899a63bc493adc285e1f2b1e1ee36c1e37e1817ba16770d3af714db987bf",2,1,"b68b47b054dd53be2a9fca20a0161a77146091006f2f70f5daf9fdf6a88ddda3","fa848ee0e84d5bd84b0a4e2661ef5dc42396f1c13cac6aba36bff569c810dfc2",1,29000000000,28700,28700,28700,-28999971300,28999971300,28999971300,0,28999971300,0
5950717,"ff0de10239d952a43ee00a7f3b042ff367b75d278a4118b58ff4f8a624c1579a",2,1,"7a0bd310a9d5cf0b611ad936e88ba16ef3dc25ec2c322ff778e5a45dd7e32743","7a0bd310a9d5cf0b611ad936e88ba16ef3dc25ec2c322ff778e5a45dd7e32743",0,145000000000,28700,28700,144999971300,-28700,0,0,28700,28700,0
5950731,"c198f885ccab9ae45574b201fa8bcc0a857a52c7afcb60ea883107620fbbf1d7",2,1,"52fcaf8a6b9cee1ecfbae102a1ff566e57abcfb36b7bd9a9662e310984fcbe30","e06b71c8a72d5debe987177add014b5d2d565e715c989c8abe7c4882db1921c9",1,58000000000,28700,28700,28700,-57999971300,57999971300,57999971300,0,57999971300,0
5950778,"d929fd7b3da9f2c5510fe328ac752928c406e3492d00a29f965fd5ec708e54ef",2,1,"fa319377455bb637b0f56beb3c78995e35f0ceb2825b8f86e576b8e258abaf45","fa319377455bb637b0f56beb3c78995e35f0ceb2825b8f86e576b8e258abaf45",0,29000000000,28700,28700,28999971300,-28700,0,0,28700,28700,0
5950789,"7241fd640fb1bc3b0f892495fb0fa601dce0bc8b90ae9218233995b1349883f1",2,1,"6ea6cf98e61012fe12ebd7c68120dcce9647f2b2431c13eaf0f247553676051d","6ea6cf98e61012fe12ebd7c68120dcce9647f2b2431c13eaf0f247553676051d",0,116000000000,28700,28700,115999971300,-28700,0,0,28700,28700,0
5950804,"3c0264c775f6075eebb75dc44102ee7be56db5c97d36484ebf589cec781767bc",2,1,"d1c8d4321d23e7c9d007e0264a0641f8729c2ff2694b30f012f9169473799d8d","22ff4fe0fb984b5614705a306659abe9d92f254c35e483ca7564986b9d189bd6",1,58000000000,28700,28700,28700,-57999971300,57999971300,57999971300,0,57999971300,0
5950813,"2c5fc16a554476fb7ba9f2f9da71f02731e7705afad9cc3a97370d7eb9e1ee01",2,1,"7db83cec5c2bd65984e2823f6ebcae4b4dcf9e1c2ebc96ed8efde1779ca51235","7db83cec5c2bd65984e2823f6ebcae4b4dcf9e1c2ebc96ed8efde1779ca51235",0,87000000000,28700,28700,86999971300,-28700,0,0,28700,28700,0
5950815,"ef6429ceae977521d976b2f1819da67e29e4af7b31b770a00de1921b7d0d73b5",2,1,"ecde01673f86ef248fc30503ea35a41fcc9cee4b59fc045fe772c50e45c2a473","ecde01673f86ef248fc30503ea35a41fcc9cee4b59fc045fe772c50e45c2a473",0,58000000000,28700,28700,57999971300,-28700,0,0,28700,28700,0
5950818,"c0d1594d817029cd8e9790bcb03a2600eea1d0ad483aa963a235927541832b0e",2,1,"6996b57005ec74f973ccc13b58fa894418fa8cecb7201838b3822f5ef33b84c5","b678f13e265d690e077e29c76d2bff9558921f21d060010f4b150f4dd30306db",1,58000000000,28700,28700,28700,-57999971300,57999971300,57999971300,0,57999971300,0
5950823,"46d26237c93b69b081972317766cf2240a284f39b68adc20eedcfa5c21acafe7",2,1,"280a8bfc92d3bb6ef36186011432a59f63f5ddfa6ba4ace6f6ffd43122a07883","063afff524a2a6724be854fe2b505e09d0b2184d9e77deccefec40c2da6174bf",1,29000000000,28700,28700,28700,-28999971300,28999971300,28999971300,0,28999971300,0
5950834,"f89c6e18b2b32a8dbf823211a880681337fb40d42c1c8f74d1253374faef1fb7",2,1,"54c0991863ba76f1b59c4b1c0800215a50b1acdc25110c9cd324b32cbae1186d","1e9f88b44a6ed8beeb2c9ff81dcbd62f04ee05d828ca459f58ced7383e2fd9fe",1,58000000000,28700,28700,28700,-57999971300,57999971300,57999971300,0,57999971300,0
5950839,"65b44a20c6bcaf530fbb082ed9c551c9b4ec3513309eb85f6d0101ba2cd6a3c4",2,1,"230c380ae2c12f78edbfb39a6e2d0a029e56ef4650772912f4c71af0a085c004","30a07f454051fca8b450b672eb2b3babc0f3760f933a04e3d087e895af5a2c25",1,116000000000,28700,28700,28700,-115999971300,115999971300,115999971300,0,115999971300,0
5950840,"10a90eb94ef199c1b86e97accbe2f183e4f341899ffc8fc74bbf2e6c70e4bcb4",2,1,"6b26951e03a1d68ee63a7d065a9ca8baa8a8294f446860044263e7e6bcaf502e","6b26951e03a1d68ee63a7d065a9ca8baa8a8294f446860044263e7e6bcaf502e",0,29000000000,28700,28700,28999971300,-28700,0,0,28700,28700,0
5950842,"168d750df027dfcad2a0c63265e195929d3cb47e9a9bd64baf62e9cbb68a5b66",2,1,"f10049d2558ae07ca69ff322909f3104a9778461ac6d61929e63a999f70d0746","bf9bb96fcc06fae98fee3f086166b719a5af6d27927faa454c07d3594ffb045e",1,29000000000,28700,28700,28700,-28999971300,28999971300,28999971300,0,28999971300,0
5950852,"7d7c1dc009417f26b8260f69c0bb3810a7fe4af631a4f1e7b336d255ed021b6f",2,1,"407d53eaa8720a49585f0e49031f51d6e6dc2a2dadd7d5bbd7db7382f872f68e","9187d5f01a8d752d849d7b9645d08376b61b5d04ee129d3c8dd32c81558c5ea1",1,29000000000,28700,28700,28700,-28999971300,28999971300,28999971300,0,28999971300,0
5950874,"49b97038836dae1e1cb100f1e9db074fed2ede2e5786173021f17edcedec5861",2,1,"277227d36cd61f47f71b7ebe0231336a34eabbd742eca925d1b4f10be8adf41d","277227d36cd61f47f71b7ebe0231336a34eabbd742eca925d1b4f10be8adf41d",0,58000000000,28700,28700,57999971300,-28700,0,0,28700,28700,0
5950877,"243881923c64e0ddb106845da0a474f35ec5261c1d9ac6dae606291e5ae26f3b",2,1,"c0da450039cb82e81e915404ec94f128d39e86858b4f61d4ea9a2edeb294e573","c0da450039cb82e81e915404ec94f128d39e86858b4f61d4ea9a2edeb294e573",0,29000000000,28700,28700,28999971300,-28700,0,0,28700,28700,0
5950886,"635371b252a050d11d2eede455d4d70ff00114ee846a95ee64212aa934b36822",2,1,"31d764f4d132c92b695dd09799b7223e83d1972c6843d23da61fe729d2aef833","31d764f4d132c92b695dd09799b7223e83d1972c6843d23da61fe729d2aef833",0,116000000000,28700,28700,115999971300,-28700,0,0,28700,28700,0
5950887,"b40a26799e6e22e5ef1a8d89362ae92af9d680b810a6563bad45401a4445de6e",2,1,"24c8afa0bae3275ed459bb3be02638b9200572aef9c113a2122e65e3bbc763bf","dfee679a5b486d8e808e5c415263ddb4c17c0712da9fb9719c4c1fa880f3e3c5",1,29000000000,28700,28700,28700,-28999971300,28999971300,28999971300,0,28999971300,0
5950896,"90a5d5e1a2b6de40ad0b1a747baa26e820754f5377907fc2d341d3322685073d",2,1,"a8f4c084de3a0eab3ce401690034117509a5cfc36a4cd049c646450bf4e75992","88363d26b5066f9482e01118caba63c3a574d46329aa3ae173d07f1a733344d4",1,29000000000,28700,28700,28700,-28999971300,28999971300,28999971300,0,28999971300,0
5950920,"0f85b7853f5b80657149fb02eaa02d3d3a44a303f31cbf13bb405b23dce87445",2,1,"3ae1bd59d18d30959c5b69610e35d274621bba8ade3ed722409ff789aee1ed8b","6ee3050db6e5615770997d1833fcc56528b833a80bf77e7665391c40695ccc6f",1,58000000000,28700,28700,28700,-57999971300,57999971300,57999971300,0,57999971300,0
5950970,"db4ad46832d03b9ef368547f99adaaad926adf70e96663cb428c3bf25d15cb6e",2,1,"e69549e401fba2e5f708bc5d0e1d61d17959ff3e306538dedce2a042e1454440","60a448189541febc1e93c3e08c3db1c55c15144d3dfb2561f88a74eaa82045d2",1,87000000000,28700,28700,28700,-86999971300,86999971300,86999971300,0,86999971300,0
5951001,"15904d9e6ac4f253497a34b5b16fd0a864dd43d16dc35b0d22f0c40945f550d8",3,2,"633252d4637ab53420e1639f5c2b9de220bb9790eb9467f04f8bb591a29ea22f","e6f2394488d57385036ee4f1f9072310daadd111e5493d53a7ebae3b00e21fb8",1,58000000000,57400,57400,28700,-57999971300,57999942600,57999942600,28700,57999971300,0
5951005,"0138bcdb0dd1a4db350fa049f369a4fc40df21414740af1e582eed6e713be462",2,1,"59bb0a2e76cba4a1063d40e880fb9d7454f7bcf3cf44473802d6cbc1c8b52d0e","59bb0a2e76cba4a1063d40e880fb9d7454f7bcf3cf44473802d6cbc1c8b52d0e",0,29000000000,28700,28700,28999971300,-28700,0,0,28700,28700,0
5951032,"ee7e4c9c07dd892272f0e0cc3d7e01f36042faac3bcab00dd848e84dc6fb3fb8",2,1,"c8db288670fe8b04540c177011032f5537bae28bba3077c9ae89cb59bb7b060c","9129dbff7689a12f0026aaada16c5d165976be61fcacd79bdb21e2542517b066",1,174000000000,28700,28700,28700,-173999971300,173999971300,173999971300,0,173999971300,0
5951113,"0fe342c06bb1880b01c01b9c49a58e836ac768fb55dd6dbfebbf7c9ebc69ccd5",2,1,"4c0de8916aa06540ab26c3035d4abff99b7afa008358adfc1f6faf0284f9bc0a","8ecf80a86bf8efcf2bee8a3cfa07cbbdcbf2de261464e74dfc45d07ef28e3f9b",1,29000000000,28700,28700,28700,-28999971300,28999971300,28999971300,0,28999971300,0
5951128,"bbd51e6e8f13b63b1ef416db00ca9a052895e62542fa930315f32d0e5481d199",2,1,"2297688aa16da38a1d41f9126c29f2dd9cebf4eeebd2fe6ff1c5c81c55749335","219c9236b0e0a9ce2014511c297d529b4e5651b5691a0af11293029526e088dc",1,58000000000,28700,28700,28700,-57999971300,57999971300,57999971300,0,57999971300,0
5951141,"a6d67e37f0d0c8687b1096879393d4c5ef5e3f9e2d4bfa94cbb0a8700b03ba74",2,1,"2b25c63a9bf052cf097dbfe277bac40ce5f76849a83ba296202e9e217f0d7374","2b25c63a9bf052cf097dbfe277bac40ce5f76849a83ba296202e9e217f0d7374",0,145000000000,28700,28700,144999971300,-28700,0,0,28700,28700,0
5951157,"c389162fedacdf1db974d76d2265eaf69d9fc2428ee48772dbe0e35bd3a12b25",2,1,"f2446dc199429d79e89ed193d456019ac756f5c3d10752db114c77c5c061d375","0dd76159da264ebff71dd57269fddfe4d62e40dbc395d65bed3b50c568877fa1",1,29000000000,28700,28700,28700,-28999971300,28999971300,28999971300,0,28999971300,0
5951178,"e27e7e7ac9615d12efa81c766e3959a8ae4a153a69185c99160f03915b5a431f",2,1,"68d14e68c7f82eb87f4a1a1e866e3aeb0ac2d2e516451b43268e85abbe079127","68d14e68c7f82eb87f4a1a1e866e3aeb0ac2d2e516451b43268e85abbe079127",0,29000000000,28700,28700,28999971300,-28700,0,0,28700,28700,0
5951204,"de29931a585a67297259220aade9bea36d7e17712f164fefee4f4578e481ceb8",2,1,"c7cbd6e1c7d073dd0b6498316ec57bfb11be6da89fac0f334fb001519355c744","c7cbd6e1c7d073dd0b6498316ec57bfb11be6da89fac0f334fb001519355c744",0,29000000000,28700,28700,28999971300,-28700,0,0,28700,28700,0
5951227,"24cad6296930f6f356020e4efccaf6845edcb889c57e8d3b8a499a869c0e3161",2,1,"76953c3e0c56efc10d2f8321efae8523b8ca3dbb969ce2df03413798cf23f44b","a282f59a0e18c83bf0755d153758e5e38e631782dfdd7ad770652776f69236f5",1,58000000000,28700,28700,28700,-57999971300,57999971300,57999971300,0,57999971300,0
5951256,"9fb5bdc4b196e561669773bf305deffaf2fb621ba89f719ba7b47c4f1843a554",2,1,"dd042fe12cdeccc9c00d1b1c7f0b2c1af6859dad2269392eea0fca76e389f316","83166a794d7c4b4538f6ce3d603d1bdfb912310a034e3867fcebb7868cf7ca44",1,29000000000,28700,28700,28700,-28999971300,28999971300,28999971300,0,28999971300,0
5951257,"a1ca961cf61812ffb23c5f389a9d14577df94e8fc59d27577fc97733c925a0e8",2,1,"55c4af512a080381ece4eabcc41fe69696e748efbe5b26fc36e869c426096d12","55c4af512a080381ece4eabcc41fe69696e748efbe5b26fc36e869c426096d12",0,29000000000,28700,28700,28999971300,-28700,0,0,28700,28700,0
5951267,"d7d3ef8d4df81bef661300b29311bc9fe2c28c3ad434b8578733c2a22606d9f0",2,1,"71b339e487276a16d3265cccccab79370738d98f5f08836e83c15fb0cf636f13","71b339e487276a16d3265cccccab79370738d98f5f08836e83c15fb0cf636f13",0,29000000000,28700,28700,28999971300,-28700,0,0,28700,28700,0
5951268,"8e757cfe5ed95806594c0bdd96524b1fa0803a07ae3ea4e2d6ae6ff7a97bc6e5",2,1,"e25446de0209781ed926a41458d57aa2350dd0e2bc9d0714fcdb608eac1a1222","e25446de0209781ed926a41458d57aa2350dd0e2bc9d0714fcdb608eac1a1222",0,29000000000,25300,25300,28999974700,-25300,0,0,25300,25300,0
5951277,"46259f0db7b51d6a06932bce3f76b76c4eb13b452509a81a1e719ef60bf55e43",2,1,"eedc9ac2e8142f55d1f26d8d184563d663f399bd152a026f179dd9e50ae70357","eedc9ac2e8142f55d1f26d8d184563d663f399bd152a026f179dd9e50ae70357",0,29000000000,28700,28700,28999971300,-28700,0,0,28700,28700,0
5951302,"4b7be4061651f6d3eb0349be105ec420cec2f34e6e621b4300eb7f74023ea618",2,1,"700d39452a8a2dbcdbc6903ca8c87331390b70de5c2724fbf278e79d813b3960","d72c6cd67e8cb5016346286a2b93588ccd2a89b96e400772b61ff3142a8231ca",1,58000000000,28700,28700,28700,-57999971300,57999971300,57999971300,0,57999971300,0
5951363,"6dac9930a874b282e258961814f645295ed5db5442d06d99038dfef5049627c3",2,1,"fece178cc5e01b0a91fcee762296d1b66c165682221e5eef157acc6e107bcf8f","fece178cc5e01b0a91fcee762296d1b66c165682221e5eef157acc6e107bcf8f",0,87000000000,28700,28700,86999971300,-28700,0,0,28700,28700,0
5951374,"b4409c2fd85ef5cedfc347a388b05b14049c42821bdb0fab8d4922fdf551fb81",2,1,"6a1fbf0aec703baf3ffbe8cd1b15722a0acb3c961fee82e26d011581bbe87e14","e38b8a789c483c654fa45e89233b204768e1700bc5b55b5b930e8e65c9d25b53",1,29000000000,28700,28700,28700,-28999971300,28999971300,28999971300,0,28999971300,0
5951406,"a61dc698cd814bfa7f78f9ee0d82b2624c9cc87a38dcf1c2e9b16526ac8f8781",2,1,"11abb39e117b02f8bafd1142331fc8d7bb353c8440f130bf68712e6556300861","82dc546209dd1f76f31a0ae8cbe45c5ce982be061c4bb6977abc796db01ea4d3",1,87000000000,28700,28700,28700,-86999971300,86999971300,86999971300,0,86999971300,0
5951487,"0814b4a7406f5fb0ea9afcdff759ad5a03db55971184b563d974c1008ba0f622",2,1,"18ca0a523936e27afad59ffaaf9faceedf3a37e5c1dc716cc941fab62268e637","18ca0a523936e27afad59ffaaf9faceedf3a37e5c1dc716cc941fab62268e637",0,87000000000,28700,28700,86999971300,-28700,0,0,28700,28700,0
5951525,"fa1fa8450dec07ba216799677bff6f20a53b05514c58b5fec7c34595afcb11ab",2,1,"8127f08253097eb586913d13bc989ba2ffe1f5cd27f0f38238e07fe8d5a880b7","c397e95042c328b615fc510fe090b74c438711dee6b9cad2beabe2c7dd3e17eb",1,29000000000,25300,28700,28700,-28999971300,28999971300,28999971300,0,28999971300,0
5951577,"7a8dc751a0d629542a76c580dd0b5b9ad83cd9b7d6853f03f49b9fc3e57987a2",2,1,"bbe57629beda411659ac205b36befb30ba3b77a4f03401c524fe046e4ead3369","e4eed560fcec54bd9ed7745e5e90169b063d749f37d88b512a66eff6055f15fc",1,87000000000,28700,28700,28700,-86999971300,86999971300,86999971300,0,86999971300,0
